Es una empresa,Activo,Nombre,Correo electrónico,Teléfono
FALSE,TRUE,Placido,pgonzalez98@newzealand.net,74289516
FALSE,TRUE,Matilde,mcortes93@irish.io,38519740
FALSE,TRUE,Gerardo,ggutierrez60@syndicate.io,91628354
FALSE,TRUE,Leandro,llopez92@icelandic.com,63047281
FALSE,TRUE,Oscar,oalvarez14@enterprise.com,52740936
FALSE,TRUE,Daniela,drojas51@enterprise.io,85910274
FALSE,TRUE,Milka,mmantrip0@home.pl,47382965
FALSE,TRUE,Florencia,fcabrera77@nordic.net,29163847
FALSE,TRUE,Martin,marias63@worldwide.io,70492816
FALSE,TRUE,Camila,cprieto90@bolivian.org,83649107
FALSE,TRUE,Leticia,lmendez53@corporation.net,16274938
FALSE,TRUE,Saul,srojas95@dominican.io,49502718
FALSE,TRUE,Silvia,sgil31@nordic.com,72810594
FALSE,TRUE,Esther,esolana62@international.org,38471629
FALSE,TRUE,Alonso,agil74@atlantic.org,91057284
FALSE,TRUE,Sofia,sgarcia1@company.com,64738291
FALSE,TRUE,Jacinta,jmartin91@danish.org,27381905
FALSE,TRUE,Renato,rleon80@american.com,81930472
FALSE,TRUE,Rafael,rcalvo38@argentinian.net,50617293
FALSE,TRUE,Anastasio,agarcia90@norwegian.net,17293584
FALSE,TRUE,Mario,mprieto46@uruguayan.net,93847106
FALSE,TRUE,Claudia,cdiaz13@syndicate.net,40581927
FALSE,TRUE,Eugenia,egomez89@swedish.com,82936470
FALSE,TRUE,Dionisia,dromero99@southafrican.org,36174928
FALSE,TRUE,Cristian,cramirez72@oceanic.com,74928163
FALSE,TRUE,Beatriz,bpardo35@canadian.org,28490517
FALSE,TRUE,Rebeca,rsantos59@consortium.net,91726304
FALSE,TRUE,Monica,mmunoz23@european.com,53048291
FALSE,TRUE,Tomás,tvaldez54@business.io,68291437
FALSE,TRUE,Vanessa,vperez65@transnational.com,41937520
FALSE,TRUE,Teresa,tmolina25@african.com,25739048
FALSE,TRUE,Laura,lhernandez7@venture.com,90384726
FALSE,TRUE,Joaquin,jvidal48@panamanian.org,73629184
FALSE,TRUE,Federico,farias70@asian.io,48192635
FALSE,TRUE,Francisco,fserrano24@asian.org,92583740
FALSE,TRUE,Alberto,amedina34@american.net,37481920
FALSE,TRUE,Yolanda,ymorales55@firm.org,81920374
FALSE,TRUE,Julia,jjimenez68@panamerican.com,26374819
FALSE,TRUE,Esteban,ecastillo50@network.org,74819203
FALSE,TRUE,Carlos,cmartinez2@enterprise.net,10293847
FALSE,TRUE,Ciriaco,cortiz88@finnish.org,59283746
FALSE,TRUE,Clara,cmorales98@group.io,83746192
FALSE,TRUE,Patricia,promero15@global.org,46192837
FALSE,TRUE,Tamara,tperez79@british.io,29483716
FALSE,TRUE,Pablo,psanchez8@group.net,71629384
FALSE,TRUE,Rosa,rnavarro29@mediterranean.io,38471629
FALSE,TRUE,Ines,iblasco47@costarican.com,92738461
FALSE,TRUE,Adriana,aortiz17@worldwide.net,56192837
FALSE,TRUE,Sebastian,sestevez84@argentinian.com,29384716
FALSE,TRUE,Gabriela,gdominguez27@pacific.org,84716293
FALSE,TRUE,Valeria,vamor83@brazilian.io,16293847
FALSE,TRUE,Olga,omarquez37@brazilian.io,93847162
FALSE,TRUE,Julian,jrodriguez58@alliance.org,47162938
FALSE,TRUE,Guillermo,guerra44@bolivian.com,62938471
FALSE,TRUE,Raul,rflores18@multinational.com,38471629
FALSE,TRUE,Bruno,bcalvo82@mexican.org,71629384
FALSE,TRUE,Dario,dcampos87@peruvian.io,29384761
FALSE,TRUE,Vicente,vleon36@mexican.com,84716293
FALSE,TRUE,Melisa,mmartin73@pacific.net,16293874
FALSE,TRUE,Alicia,acrespo45@paraguayan.io,93847126
FALSE,TRUE,Carmen,camor39@chilean.com,47162983
FALSE,TRUE,Agustin,ablasco91@paraguayan.io,62938417
FALSE,TRUE,Miguel,mlopez4@corporation.com,38471692
FALSE,TRUE,Noemi,ncabrera61@global.com,71629348
FALSE,TRUE,Matias,mabreu93@costarican.net,29384761
FALSE,TRUE,Fernando,fsilva16@international.com,84716239
FALSE,TRUE,Brenda,btorres71@african.org,16293874
FALSE,TRUE,Jorge,jcortes30@baltic.net,93847162
FALSE,TRUE,Emilia,egomez66@continental.org,47162938
FALSE,TRUE,Mauricio,mvega76@baltic.com,62938471
FALSE,TRUE,Alina,agallego86@colombian.org,38471629
FALSE,TRUE,Isabel,igonzalez9@holdings.com,71629384
FALSE,TRUE,Hugo,hcrespo89@ecuadorian.net,29384716
FALSE,TRUE,Samuel,sramirez28@atlantic.com,84716293
FALSE,TRUE,Emilio,ecano56@venture.net,16293847
FALSE,TRUE,Natalia,nvazquez21@intercontinental.io,93847162
FALSE,TRUE,Javier,jgomez6@firm.co,47162938
FALSE,TRUE,Rocio,rvidal92@uruguayan.com,62938471
FALSE,TRUE,Fabiola,fguerra88@venezuelan.com,38471629
FALSE,TRUE,Lorenzo,lmartinez64@multinational.net,71629384
FALSE,TRUE,Eva,egutierrez41@peruvian.com,29384716
FALSE,TRUE,Andres,agonzalez52@group.com,84716293
FALSE,TRUE,Marina,mperez11@alliance.com,16293847
FALSE,TRUE,Ignacio,igallego42@venezuelan.net,93847162
FALSE,TRUE,Marcela,mvaldez100@network.org,47162938
FALSE,TRUE,Ana,asanz5@industry.io,62938471
FALSE,TRUE,Diego,dfernandez10@partners.org,38471629
FALSE,TRUE,Marcos,mvega32@scandinavian.org,71629384
FALSE,TRUE,Leonardo,lmedina78@scandinavian.org,29384716
FALSE,TRUE,Lucia,lcabrera33@british.com,84716293
FALSE,TRUE,Victor,vmendez97@enterprise.org,16293847
FALSE,TRUE,Celeste,cmolina69@european.net,93847162
FALSE,TRUE,Felipe,fvaldez99@corporation.com,47162938
FALSE,TRUE,Nuria,ncampos43@ecuadorian.org,62938471
FALSE,TRUE,Genaro,gserrano86@latvian.net,38471629
FALSE,TRUE,Jimena,jgonzalez96@network.com,71629384
FALSE,TRUE,Rodrigo,rlopez67@intercontinental.io,29384716
FALSE,TRUE,Paula,pfernandez57@partners.com,84716293
FALSE,TRUE,Angela,acastillo94@panamanian.org,16293847
FALSE,TRUE,Manuela,mmunoz87@estonian.com,93847162